<?xml version="1.0" encoding="UTF-8" ?>
<!DOCTYPE configuration
		PUBLIC "-//mybatis.org//DTD Config 3.0//EN"
		"http://mybatis.org/dtd/mybatis-3-config.dtd">
<configuration>
	<!-- 配置分页插件 -->
	<plugins>
		<plugin interceptor="com.github.pagehelper.PageHelper">
			<!-- 配置数据库的方言 -->
			<!-- 设置数据库类型 Oracle,Mysql,MariaDB,SQLite,Hsqldb,PostgreSQL六种数据库-->        
        	<property name="dialect" value="mysql"/>
		</plugin>
	</plugins>
	<!--读取对应的mapper映射文件，还可以在和spring整合时配在spring配置文件的sqlSessionFactory对象中，或是在pom文件配置，当前方式聚合工程貌似不行，
	可百度查找解决方案，个人猜想，把mapper对应的xml拿出来放到resources目录下应该可行，后续可自行测试-->
    <!-- <mappers>
        <mapper resource="com/taotao/mapper/*.xml"></mapper>
    </mappers> -->
</configuration>